id,batch,avg_last_day_mood,activity,mood,screen,emotion,count_call_and_sms,total_app_use,social_ratio,productive_ratio,passive_entertainment_ratio,adventure_ratio,miscellaneous_ratio
AS14.01,0,7.075177,0.08085631599999998,7.075177,0.0,-0.185138686698862,3.4904891264761075,0.0,0.0,0.0,0.0,0.0,0.0
AS14.01,1,7.075177,0.080856316,6.877904027882699,0.0,-0.1608850774311209,1.5467188506298502,0.0,0.0,0.0,0.0,0.0,0.0
AS14.01,2,7.075177,0.08085631600000001,7.075177000000001,0.0,-0.18513868669886205,4.220182621653934,0.0,0.0,0.0,0.0,0.0,0.0
AS14.01,3,6.4,0.08233460248562391,6.890588678008391,3383.8753393846223,-0.13765346668835274,2.6229303876776657,3383.8753579343074,0.28533375523930526,0.008897777071173578,0.03537742663305738,0.006896018293665548,0.01260967538263481
AS14.01,4,8.0,0.0894441395104782,6.598348912910037,9553.127077919064,-0.01061904955917119,3.1971678748144554,8639.588146859487,0.695103804144511,0.032871988655687544,0.08668753426473781,0.03576784485975801,0.0401075146104151
AS14.01,5,6.8,0.08575640558051889,6.594685382689005,11637.702696419878,-0.12362901336976179,3.0913896267588017,11417.245489277486,0.6534715071768398,0.029853934153732158,0.15743865980660565,0.020055760425520767,0.038287210801107426
AS14.01,6,7.25,0.07523475717677217,6.948257096691425,9892.997213375827,-0.5276623568214569,2.8359783675650587,8602.610214821092,0.6822382046426008,0.02911100253299648,0.09803456859884123,0.0018929534726206778,0.03818224846769321
AS14.01,7,7.8,0.07376714912533937,7.0722186731598695,8061.073096080332,-0.3941397759292152,2.4542981985407493,7420.999096702324,0.7149431169847522,0.029698899959945856,0.09996387066100756,0.002025821696349253,0.032885511133771125
AS14.01,8,7.6,0.07745830977115085,7.439609502880653,9446.641326906883,-0.11069804655859469,2.1032416515438337,9089.923184901882,0.7574641399455012,0.03441346820541364,0.072871988834089,0.004355945779135843,0.03695973191844919
AS14.01,9,8.0,0.06946115160223056,7.604331595114769,7885.020319247863,-0.28926301822823247,2.554730378242296,7564.612234456671,0.6508095384258632,0.05304535259141123,0.10709086423301824,0.00925756212184925,0.039998989266890425
AS14.02,0,6.8239837,0.2653549,6.8239837,0.0,-0.10968669557208,6.700535270318033,0.0,0.0,0.0,0.0,0.0,0.0
AS14.02,1,6.8239837,0.2653549,6.8239837,0.0,-0.10968669557208,8.074132576034819,0.0,0.0,0.0,0.0,0.0,0.0
AS14.02,2,6.8239837,0.2653549,6.8239837,0.0,-0.10968669557208,8.696881435630726,0.0,0.0,0.0,0.0,0.0,0.0
AS14.02,3,6.3333335,0.2653549,6.8239837,1233.0986056677623,-0.10968669557208,7.894912840662993,1231.1892309241666,0.2097845618958424,0.0,0.03462995263873392,0.005515895626706666,0.026690019459873024
AS14.02,4,6.25,0.29247560162310177,7.139560441684832,5066.77726217014,0.058196229508919436,13.193898827411424,4912.597895222393,0.5136788351534071,0.0,0.06289056836453089,0.06180272098395008,0.014788814739303694
AS14.02,5,7.0,0.27915023264354794,7.118260377188952,3567.2337505784562,-0.3209121279244333,5.680701177708865,3531.2382034403095,0.539736458690267,0.0022352595487547633,0.09540236434060294,0.02925547002076406,0.03108957233844112
AS14.02,6,5.25,0.27386534949580266,6.742393672981679,4630.797227511902,-0.09061006726348143,6.192209992285925,4473.125147120246,0.5198410353844907,0.0,0.07620296314998452,0.023829420657130774,0.02549925831465154
AS14.02,7,7.2,0.2989530664273542,6.644274775264668,4536.554540264601,0.3692939927557036,7.190819367119272,4536.554631036409,0.5277475178448972,0.0004424655112583872,0.09010125941852476,0.047993717954607856,0.019171211400313585
AS14.02,8,6.0,0.3409538598448902,6.648204379915303,459.6261438116222,0.09010877822390048,10.414920067976905,429.8296908337845,0.5043200477825507,0.0029698085714185865,0.01589596037583342,0.0,0.003913011949674571
AS14.03,0,7.603901,0.100779966,7.603901,0.0,-0.05888939148000601,7.6510473838875965,0.0,0.0,0.0,0.0,0.0,0.0
AS14.03,1,7.603901,0.10077996600000001,7.603901,0.0,-0.058889391480006006,3.285266239426065,0.0,0.0,0.0,0.0,0.0,0.0
AS14.03,2,7.603901,0.10077996599999998,7.6039010000000005,0.0,-0.05888939148000601,3.249244725619552,0.0,0.0,0.0,0.0,0.0,0.0
AS14.03,3,7.603901,0.100779966,7.603901,0.0,-0.05888939148000601,6.537228862619318,0.0,0.0,0.0,0.0,0.0,0.0
AS14.03,4,7.75,0.1101125280962024,8.110923931792296,3330.2316805041405,0.184631848180024,4.545287488432465,3330.231653285853,0.30063889493844664,0.04301132400793527,0.4453047621646531,0.022434827398919017,0.08136320228272079
AS14.03,5,7.8,0.11184596171986537,7.840831815064043,2824.754800148523,-0.01698370636035825,2.1756617275231136,2823.7469050458844,0.25717174346674293,0.023004093800905363,0.49024812618781843,0.0049241334304874354,0.05235532305788039
AS14.03,6,7.4,0.09446892805146803,7.470063009684801,2903.497061412052,0.4831674981474622,2.1499633546898624,2860.218600316556,0.29488557395218795,0.02247635990142552,0.4897717871209484,0.000981993798719605,0.07494108818924634
AS14.03,7,7.25,0.09171802674491579,7.558931772314242,3694.7065447130162,0.3032296747031255,2.9003637017002384,3694.7064412169834,0.2743573385089738,0.01934965491688122,0.5134320614923272,0.0,0.04395803442150795
AS14.03,8,7.4,0.10694339577146433,7.438772663395407,3139.397347547523,0.30377141493318766,2.984678314954362,3136.651548074654,0.3402785737082675,0.017103841488103805,0.4556716384440552,0.01657131738581171,0.04803602214449976
AS14.03,9,7.2,0.0924058778008425,7.266572572281838,3230.7547434843996,-0.9913829636871784,1.4451104271811308,3176.651633744722,0.34827335496131173,0.03734256774469403,0.5302226589772787,0.011122200739087878,0.03891487497089122
AS14.03,10,7.603901,0.09813745744738306,7.544323575343389,2844.3894337615666,-0.746001038090379,3.6388345720966213,2843.1745605814217,0.3058589115252629,0.005599917714288327,0.468938964621412,0.01117969346367845,0.06991987633316311
AS14.05,0,6.737264,0.060943109999999995,6.737264,0.0,-0.27738964278183204,1.5045078745083722,0.0,0.0,0.0,0.0,0.0,0.0
AS14.05,1,6.737264,0.06094311,6.737264,0.0,-0.27738964278183204,2.5151351612098227,0.0,0.0,0.0,0.0,0.0,0.0
AS14.05,2,6.0,0.06094311,6.769235001110813,2450.8114039733746,-0.47351396658677647,3.0386334402337556,2450.8113517941415,0.44376821823097956,0.004389917950619004,0.0675799030762936,0.0,0.04036145535832029
AS14.05,3,4.125,0.06982627694399032,6.066492454965522,3169.9079630347546,0.6378679953847592,4.280158850102158,3013.543186937526,0.7548255034277156,0.002816789012328257,0.1416141475044198,0.0,0.039172132096478886
AS14.05,4,6.8,0.06640379072851559,5.9658324993994905,4676.21609978588,-0.2903883568232169,2.3615287196106696,4580.55302092766,0.7665814158910287,0.012115795475743438,0.10355019954008977,0.0,0.053046886540842844
AS14.05,5,6.75,0.05665570089126611,7.084488994098573,3502.171226351458,-0.3629960043835748,1.1307238104685886,3435.088565840848,0.6724735908304893,0.006990735478789092,0.1258140764488919,0.0,0.089902309038568
AS14.05,6,6.4,0.07119114174841099,7.1047260385829265,3969.2429766921355,-0.04222212591047791,3.739990389791631,3930.362258633781,0.6789150404647988,0.0022238822407298292,0.12129558630741781,0.0,0.04379485092071096
AS14.05,7,7.2,0.07621382143980417,7.132469557661645,4045.568339439197,-0.3419625657811704,0.7270541994226734,4044.8730297535612,0.7782867741683047,0.0070846757508917805,0.07888868126189925,0.0,0.0659048884513785
AS14.05,8,7.0,0.05788546788401841,7.356689580279885,4256.128220444207,-0.6704042610162907,1.487815465389172,4256.128194105331,0.7945437783534156,0.009273377024706294,0.0782992592992231,0.0,0.05294393243542884
AS14.05,9,6.3333335,0.037857754562872846,6.8954536294241375,4347.72940588271,-0.009238655619855353,2.7756763707469685,4286.558143384498,0.8081838294052683,0.0036164366942879134,0.04721055194760325,0.0,0.051588240245891905
AS14.06,0,7.16,0.15285060000000003,7.160000000000001,0.0,-0.18383675275583006,4.085229243859116,0.0,0.0,0.0,0.0,0.0,0.0
AS14.06,1,7.16,0.1528506,7.160000000000001,0.0,-0.18383675275583006,9.33404172778037,0.0,0.0,0.0,0.0,0.0,0.0
AS14.06,2,7.16,0.1528506,7.16,0.0,-0.18383675275583003,2.566468810984443,0.0,0.0,0.0,0.0,0.0,0.0
AS14.06,3,7.16,0.1528506,7.16,0.0,-0.18383675275583003,2.2197253184447288,0.0,0.0,0.0,0.0,0.0,0.0
AS14.06,4,7.8,0.12531633641601334,7.439488814550681,5794.329709290396,0.08047940596902335,1.0598070689648142,5793.090531997713,0.6675210683538372,0.006787184835575686,0.2685162155670759,0.013249692144897334,0.021706496337920635
AS14.06,5,7.0,0.18133802456574452,7.109322214928776,5853.531937456532,-0.13049459591548446,1.9442658101780304,5787.456986542682,0.6789988948789982,0.0033549431908393955,0.19953063385362163,0.02254596016606119,0.009469430010982646
AS14.06,6,6.5,0.18043231072628993,7.412989919735972,5928.64547414428,0.06856805931238676,2.110348837135963,5874.6811052870635,0.6631527191188619,0.006434318735882438,0.22756209712120956,0.03265323255918674,0.011586737931199085
AS14.06,7,8.2,0.14870893659109047,6.905878865025219,6464.023686842927,-0.10730792785217382,2.8492654017460275,6334.010376124371,0.6608417562107657,0.007933377738620436,0.21775258013595103,0.016515428792170016,0.019344243943765715
AS14.06,8,7.2,0.16980675558322458,7.063911082558945,7449.885112172956,-0.12729591515517974,6.016658006451109,7400.119834532787,0.6516801531323458,0.008968697354494341,0.21555001019553385,0.024763517196667566,0.0107219386432245
AS14.06,9,7.6,0.1926275619215614,7.024778752193271,4451.967581469192,-0.22491615677492163,1.547754170499971,4439.944736377138,0.6983088549683687,0.016491045928566327,0.19039280471825049,0.024760116276436667,0.013935708836403675
AS14.07,0,7.75,0.06782676000000001,6.1885760843234365,5594.7056327117125,-0.17710573157740006,1.037252069677876,5427.201610560312,0.5660228608661716,0.0008232716208396016,0.16212225557371324,0.010111427079364427,0.028349322417777045
AS14.07,1,6.2,0.08294786027329094,7.3636991521122175,8130.588571984723,0.11602371786012995,7.075820438252683,7800.793316120834,0.5863822372293886,0.00023763044643729266,0.20137012121225475,0.026282263042105958,0.027015720846243825
AS14.07,2,6.75,0.0911110984603253,5.92345108515247,5276.718883201975,-0.17574742074582908,10.51282686744158,5276.718727019915,0.5513221438630946,0.007890595038272193,0.2061599499782054,0.02675925875972083,0.027355406330484482
AS14.07,3,6.5,0.07640532751001512,5.740641009951246,4357.003970827204,-0.23845467087624472,5.342965984640088,4356.411457289284,0.5873948272751893,0.00018510122836208246,0.20788645183854684,0.03008364435728948,0.02629524431786325
AS14.07,4,3.0,0.04262000674718011,5.5086104771438595,3715.191382692119,0.1355201702492977,2.6914952639157064,3600.904459356616,0.6364332522886268,0.0,0.19392899745543105,0.0008384682961122853,0.03264220862776586
AS14.07,5,6.0,0.06389631451188829,5.372215804492046,3667.7399891373025,-0.11922748847203991,2.899808305965057,3544.15837896762,0.702961891851954,5.6196509863984924e-05,0.11455495484037653,0.0034003070101903937,0.033258705324786274
AS14.07,6,8.0,0.07307056261618408,5.593494904019444,4718.534883757941,-0.1050326682580089,3.159843743032549,4718.388630611182,0.6459035720989841,6.671645185959228e-05,0.1120165538317482,9.290334883724744e-06,0.04802771197130185
AS14.08,0,7.2,0.046439156,6.619413833430554,0.0,-0.12073062407588624,2.9883508001921566,0.0,0.0,0.0,0.0,0.0,0.0
AS14.08,1,6.6,0.046439156,6.9715464114042165,0.0,-0.04191822739448212,1.6470442386445852,0.0,0.0,0.0,0.0,0.0,0.0
AS14.08,2,6.4,0.039450580514804094,6.575542969465676,1611.322555848847,-0.3908244824632907,2.0422512512529263,1607.692217130581,0.7887634692980018,0.0070029279047842605,0.03291322222808459,0.04867680852424326,0.055123711173741444
AS14.08,3,6.3333335,0.03319035454481697,6.793425366791748,1564.8878950823641,-0.37996153843238184,2.069627883265546,1564.3732742108061,0.7613903217599073,0.03038828701769672,0.035527502183171224,0.04108276537162861,0.07274655895690355
AS14.08,4,7.0,0.0394349606241719,6.953780879756519,1292.1387076011074,-0.29789140077780274,1.945808336207137,1286.6468062334618,0.8669082687893218,0.0065050480958924,0.02092050238710647,0.0,0.05467394241935533
AS14.08,5,7.6,0.04907661272697952,6.960657013243441,1814.6061444599234,0.07641739012418147,1.4646339021029724,1766.729661979645,0.8690685567172626,0.006330080706958551,0.03673115142058303,0.0,0.034417668145977263
AS14.08,6,6.2,0.04005348386710541,6.902560151641547,1584.6347815566003,-0.09536664485615994,0.12792666707742376,1583.4218582943854,0.8221811194385885,0.014643829840453365,0.03756050151268957,0.0,0.06201096313150912
AS14.08,7,6.6666665,0.0466412109673873,6.301692499856,1373.5857480703523,-0.09259494853114307,0.0,1372.623735040708,0.8423334549330633,0.002702400002187437,0.059565953830938184,0.0,0.034424870058230986
AS14.08,8,7.0,0.02662480113050492,6.101004858580645,1142.467864656551,-0.30475143056646337,0.46874995203180947,1141.7291664674724,0.7573134060471122,0.009870544649369092,0.10607870984336742,0.0,0.027592354023585265
AS14.09,0,6.93442,0.06527931,6.93442,0.0,-0.08118620215816001,1.414101956808875,0.0,0.0,0.0,0.0,0.0,0.0
AS14.09,1,6.93442,0.06527931,6.934420000000001,0.0,-0.08118620215816001,3.02078287173573,0.0,0.0,0.0,0.0,0.0,0.0
AS14.09,2,6.93442,0.06527931,6.93442,0.0,-0.08118620215816001,4.857617685985001,0.0,0.0,0.0,0.0,0.0,0.0
AS14.09,3,6.75,0.06476634472322448,6.960767393160219,1424.6303261735775,-0.04856886779637385,3.355780784452782,1410.9424607776689,0.17560057264227402,0.0009767324301120756,0.19266387118738018,0.008922093216116556,0.014713517263867161
AS14.09,4,7.75,0.059808937581553236,7.6236814586113155,6029.740851471122,-0.10807080324213739,2.913267421665378,5892.050759805883,0.3856423355809809,0.009117830677000612,0.4948115950870515,0.02659326678843137,0.027127772579275868
AS14.09,5,6.8,0.07563188777332887,7.216607023927108,5814.633512571472,-0.11246690748917809,2.6846095903220912,5493.462884752963,0.42770512882273326,0.012182657402506188,0.4115813449798116,0.05680779544480665,0.02285987248451214
AS14.09,6,6.0,0.05555862549736483,6.636958070187913,2986.9357367501725,0.0033692906467915106,1.2046445566110717,2955.029816811855,0.4614378471843761,0.011322908299640293,0.3916505967081505,0.06455228782274627,0.03317074341438789
AS14.09,7,6.25,0.07385726251741698,6.683434935923284,1684.8380291330757,-0.06003062727228092,1.4565133592111823,1575.3896677123553,0.38109161521576973,0.023008563360524058,0.4982053363084337,0.030134840082330135,0.030607136916035796
AS14.09,8,6.25,0.05279335649865899,7.06848074877,1450.96132919782,-0.01038728212177384,3.8649804430934895,1382.933407733178,0.3706333193182537,0.020923897408259933,0.4914932758594759,0.007189994747125624,0.040424137691751086
AS14.09,9,6.6,0.06527931,7.272518653968166,0.0,-0.09444596227457161,0.0,0.0,0.0,0.0,0.0,0.0,0.0
AS14.12,0,6.212195,0.11838640000000002,6.212195,0.0,-0.011409875050639501,2.0760583773788697,0.0,0.0,0.0,0.0,0.0,0.0
AS14.12,1,6.212195,0.1183864,6.2121949999999995,0.0,-0.011409875050639501,2.2331495193978967,0.0,0.0,0.0,0.0,0.0,0.0
AS14.12,2,5.5,0.1183864,6.2121949999999995,0.0,-0.011409875050639501,4.819812450220116,0.0,0.0,0.0,0.0,0.0,0.0
AS14.12,3,7.0,0.11838639999999999,6.212195,0.0,-0.0114098750506395,1.8251650466601157,0.0,0.0,0.0,0.0,0.0,0.0
AS14.12,4,5.4,0.11040361336978416,6.316141467465718,5247.964185376532,0.18695876810672557,3.201611660654324,5234.793002496542,0.5574131491133388,0.019527733875658204,0.13923437467988836,0.040716103520537346,0.013541735664356356
AS14.12,5,6.4,0.12763049432418322,6.089899648805765,6269.1001329469755,0.12379908485019117,2.3544049891189838,6207.601879919823,0.4773999106985548,0.021234691866696253,0.14937311269833917,0.06684498987886812,0.009119460395518095
AS14.12,6,6.8,0.11572206659572332,6.5945611815361955,6591.090827266296,-0.08105304150116238,3.096928278564771,6478.905370726668,0.5669051336288338,0.00744998105891961,0.08872600363286912,0.019466161913930226,0.008522406532420913
AS14.12,7,6.6,0.1316318765771789,6.164218824727085,7588.838644870753,0.03904911597420451,2.6681487563481885,7505.046479315233,0.5459764958720463,0.003802195712623457,0.12050152693156715,0.046413140621768836,0.007293276632871387
AS14.12,8,6.2,0.13582173122234784,6.246548782511407,4422.489477065832,-0.17903179353833037,4.428278507637996,4349.668418324252,0.47507510232092065,0.01254633449017771,0.07917076795973509,0.09974592074655192,0.01162332521595691
AS14.13,0,7.304717,0.25104132,7.304717000000001,0.0,-0.4809671598779521,3.7516157326520356,0.0,0.0,0.0,0.0,0.0,0.0
AS14.13,1,7.304717,0.25104131999999996,7.304717000000001,0.0,-0.4809671598779521,3.5379024990114747,0.0,0.0,0.0,0.0,0.0,0.0
AS14.13,2,7.8,0.25104132,7.222804407440606,336.62046806970875,-0.8893064324398895,1.874832771382576,336.62047774705957,0.14295562462864256,0.0,0.015285209080259045,0.0,0.09715676378188086
AS14.13,3,7.3,0.2587346876273847,7.026438377992029,4953.550150802364,0.026638731653855028,0.3837800012322712,4929.306107293658,0.5868702036144002,0.0005720937831334245,0.05406458912791445,0.010792364051010606,0.23322838427171724
AS14.13,4,7.6,0.17467292205982715,7.972057393780963,6436.355078123975,0.7230675215607333,1.187865372188223,6436.355193595704,0.7802085691530983,0.0007598569704617946,0.10907706600258243,0.024654708238303236,0.04203776671397843
AS14.13,5,7.8,0.3193637824355392,7.201709051707793,7407.777402209221,-1.1348934569246039,3.301501784683648,7229.71276735551,0.7905141629956611,0.0009776937501300225,0.09853192016937867,0.0,0.017640336374513465
AS14.13,6,6.8,0.2364276083863,7.417323141454106,8697.056860493032,0.25862872153492084,1.6321579074102683,8632.408920161639,0.8672091581544898,0.005498589126610343,0.039099076066250356,0.005662778392374775,0.03990635583743231
AS14.13,7,4.75,0.21157262511307698,6.39653598697074,6823.218835024181,-0.3661426481865236,3.09451172397681,6823.219196889282,0.8472135271171102,0.008747528075346069,0.004097880057742051,0.0,0.05193030374970913
AS14.13,8,7.75,0.315269511213569,7.032627228819247,4992.410186659496,-0.6253654759038151,1.6766612467215378,4969.887795373664,0.8295783209729207,0.002438525693662187,0.006290957697724571,0.004652496240316301,0.0571203606881017
AS14.13,9,8.0,0.24894773421689717,8.25322225918301,6811.608706645105,-1.6491804890686443,0.0,6811.608886384253,0.8809682042479943,0.007968732834668242,0.0,0.037732633094128276,0.038310542117624816
AS14.14,0,6.929356,0.037162904000000004,6.929356000000001,0.0,-0.22553267342803,3.092766275765753,0.0,0.0,0.0,0.0,0.0,0.0
AS14.14,1,6.929356,0.037162904,6.929356,0.0,-0.22553267342803,6.938654502064143,0.0,0.0,0.0,0.0,0.0,0.0
AS14.14,2,6.929356,0.037162904,6.929356,0.0,-0.22553267342803,6.875573044263083,0.0,0.0,0.0,0.0,0.0,0.0
AS14.14,3,5.8,0.06083733888478188,6.828606649353214,1638.3381388417015,-0.14096535408634392,4.90682331209262,1638.3380933844867,0.08264831549774994,0.0023585983734020627,0.004093138048311572,0.0012120438529380497,0.0734888264794015
AS14.14,4,8.0,0.07223749475441678,6.536781670617623,9331.935071678861,-0.3129420849821908,1.0596254231111688,9331.934929202025,0.563434001225664,0.020321290681507394,0.014138855695098944,0.020213758297778658,0.0644376679287784
AS14.14,5,7.4,0.03296149604260083,6.944763932062926,1138.5294902922346,-0.6334560091913751,0.9762116596793086,1138.2985083448668,0.189452048700176,0.0007289583447868854,0.0,0.0,0.04612413792193462
AS14.14,6,7.5,0.04320629777131166,7.287175418847356,701.3642441258388,0.023658844988487897,0.8473883173889857,698.6152169806776,0.2030062419406998,0.0,0.0,0.0,0.07349163503580768
AS14.14,7,6.75,0.025869806587796428,6.474587204595646,404.1764117955184,-0.059349604989121924,0.19084416143303312,399.3772607001141,0.11781106596090729,0.018828969794518337,0.0,0.0,0.13052093094753464
AS14.14,8,8.0,0.029479234126353955,7.338493502924072,710.3917694848712,0.17616088664883423,0.5818074671989442,710.1138452602494,0.15992538921406296,0.009996704642399622,0.02515801526279395,0.041178773645731484,0.040810836142777064
AS14.14,9,6.8,0.01770047903008971,6.803109256404789,239.1195803374663,0.17586260506578558,0.14138083210031413,238.99126189526132,0.17818042162233064,0.0,0.0,0.0,0.0902647252632254
AS14.15,0,6.9560604,0.07389767,6.956060400000001,0.0,0.3174554781809,9.051338344901044,0.0,0.0,0.0,0.0,0.0,0.0
AS14.15,1,6.9560604,0.07389767,6.956060400000001,0.0,0.3174554781809,7.592162589501711,0.0,0.0,0.0,0.0,0.0,0.0
AS14.15,2,6.9560604,0.07389767,6.956060400000001,0.0,0.3174554781809,6.470374340043012,0.0,0.0,0.0,0.0,0.0,0.0
AS14.15,3,7.2,0.05831151210920803,6.6994338193652165,66.61814023983251,0.15306428001610126,6.668100078065382,66.57686995508391,0.14182570832251631,0.0,0.0,0.0,0.056503796372487314
AS14.15,4,7.0,0.06440677472336506,7.051170666830971,551.0199209618215,0.2783588874560098,3.1174532406439037,459.16730514201225,0.31293934375003984,0.014320885972935852,0.0,0.0,0.021439441496496753
AS14.15,5,7.2,0.12074676811973908,7.175356078210884,972.665468977708,0.195890813566219,10.914279642917158,972.6090241329917,0.3243260723392401,0.01248583929359231,0.0,0.001548104825356639,0.023861461079627333
AS14.15,6,6.8,0.08768497573154367,7.02839943469382,522.5800886457081,0.5012084287089013,4.509048776054249,522.4885035777826,0.4582151427490374,0.0006980671973275816,0.0,0.0,0.008037088406043155
AS14.15,7,7.0,0.04248766284961211,7.097349341731386,1065.2187743274012,0.8718390059682108,6.445766244150518,882.3743851863236,0.33907156166108093,0.013694319461828202,0.05940491218765535,0.016889640447317465,0.004422275863569006
AS14.15,8,7.0,0.09553210454150778,6.801104600149274,958.835153413501,-0.04422702012910829,0.28276166420062826,911.8466497743733,0.3063032515500173,0.030859703290231723,0.04572345109484372,0.013014025429182534,0.1681161419459254
AS14.15,9,7.0,0.09047222296780665,6.861853649377358,739.6257481181136,0.73699280698414,4.761754442609262,739.597369265413,0.5280638758211876,0.018571734298262078,0.004399350659192635,0.0,0.0715352055990591
AS14.15,10,6.9560604,0.04388198104678285,6.819362412550018,170.52775638189755,0.22945651294882752,4.009237538859349,170.50551118189054,0.09634684567401147,0.0,0.0,0.0,0.08499089783886851
AS14.16,0,6.811006,0.06567766,6.811006000000001,0.0,0.2165632890031151,3.4263569038567825,0.0,0.0,0.0,0.0,0.0,0.0
AS14.16,1,6.811006,0.06567766,6.811006000000001,0.0,0.21656328900311508,3.4599095468752212,0.0,0.0,0.0,0.0,0.0,0.0
AS14.16,2,8.0,0.06567766000000001,6.811006000000001,0.0,0.2165632890031151,4.009189299624041,0.0,0.0,0.0,0.0,0.0,0.0
AS14.16,3,6.5,0.04990968414348536,6.735491846788794,410.5498771344183,-0.11600182501997053,2.2174390917072984,318.8766017716563,0.411862366295505,0.02723806400013776,0.09355495863209783,0.0,0.14610485998485992
AS14.16,4,6.0,0.05779426729162899,6.472685448040505,815.7361917860485,0.3207608260269001,2.7707669292852026,554.1398404695043,0.596200225236645,0.03225929796642463,0.10790994418961987,0.0,0.016707883131228254
AS14.16,5,7.0,0.09840477647282479,6.188285660097536,390.4263799606733,-0.14983232981869862,3.9518584770610277,350.14411604975487,0.603985173132396,0.006600895555119562,0.13037896376423944,0.020437732768810505,0.023423982397156626
AS14.16,6,6.6,0.06809269549311996,6.786272756895656,746.0825087356864,-0.20624273145229421,3.265989976995628,628.7816919824944,0.37512295329480677,0.03966909951145766,0.0826119816904291,0.0012550447630042614,0.009414484545112619
AS14.16,7,7.0,0.0567044106083319,6.976391189701867,250.73982714178143,0.8521998228628027,3.563030020447314,250.64414044649425,0.45351039334260945,0.0,0.0,0.0,0.013465107979274003
AS14.16,8,6.0,0.03430556921763484,7.022252757276021,847.402609405571,0.8659670509272044,2.3375203955558854,750.2790242858417,0.40916396895754265,0.030484209699028212,0.11791106167807028,0.0008735916593518411,0.0061538752569056405
AS14.16,9,7.0,0.09988094940724372,7.19417306047083,529.4027692932278,0.2778234438964066,7.453427610362263,460.7392065361444,0.6849205928929833,0.01485285371260942,0.06609340019082544,0.0,0.015717294499369865
AS14.17,0,7.2238097,0.10897065,7.2238097,0.0,0.6629348498428319,1.6293222621627343,0.0,0.0,0.0,0.0,0.0,0.0
AS14.17,1,8.0,0.10897065000000002,7.1714598106338885,0.0,0.6793183569316863,2.8587854364309226,0.0,0.0,0.0,0.0,0.0,0.0
AS14.17,2,6.4,0.10897065,7.125841079486316,0.0,0.4269741055208386,0.9913413584689414,0.0,0.0,0.0,0.0,0.0,0.0
AS14.17,3,7.2238097,0.10897065,7.336898568270951,0.0,0.6977411056452547,2.8847845888800103,0.0,0.0,0.0,0.0,0.0,0.0
AS14.17,4,7.2,0.10450106792020832,7.322214439286448,3969.1485647579943,0.5487061312273188,0.9360595840104361,3960.2410818852914,0.5774177063901931,0.018202884811026197,0.20888167407216435,0.027519108035530742,0.0170934863656067
AS14.17,5,7.5,0.1238436999100546,7.38987164211436,3530.8217404990087,0.6039351590201456,2.8131231907976764,3530.821844550851,0.5537649224310486,0.030000252007264458,0.17094818304322856,0.0903874849215011,0.0350018669663218
AS14.17,6,7.0,0.08925857426799201,7.0687560679850625,3839.3941664724316,0.6190283886089586,2.492459509098688,3789.0086749081643,0.5104608193632949,0.01443344012793599,0.3509718931185738,0.010030525425056116,0.023533471737334513
AS14.17,7,7.2,0.10293329656706408,7.062081084108489,3541.044238697143,0.8236848170907505,0.4017595785333555,3541.0441841188704,0.53045667154556,0.02157351828606378,0.18217129863651932,0.04796233544119255,0.027063477823081893
AS14.17,8,7.25,0.10613408705765244,7.153057335648939,4029.0319799190183,0.8011273363000513,1.0099091618888394,4028.9610343912136,0.6783691624410794,0.005477094161707734,0.23478655038203414,0.01836337292993103,0.014650534389155626
AS14.17,9,7.0,0.11893612910175529,7.1969370311435545,3831.9843078216545,0.9101058762216774,1.3364466881462045,3831.984402546206,0.4863199045949844,0.016777826055248073,0.2214956772217357,0.109698052117792,0.012400468381545625
AS14.19,0,6.8431487,0.09903573999999998,6.843148700000002,0.0,-0.288821670852552,5.11274411539562,0.0,0.0,0.0,0.0,0.0,0.0
AS14.19,1,6.8431487,0.09903574000000001,6.843148700000002,0.0,-0.288821670852552,5.238899813658643,0.0,0.0,0.0,0.0,0.0,0.0
AS14.19,2,6.8431487,0.09903573999999998,6.843148700000002,0.0,-0.288821670852552,11.34075520375502,0.0,0.0,0.0,0.0,0.0,0.0
AS14.19,3,5.951515,0.09903573999999998,6.843148700000002,0.0,-0.288821670852552,5.736165374089082,0.0,0.0,0.0,0.0,0.0,0.0
AS14.19,4,6.6,0.09687061254366904,6.258344613467811,2908.7383442123746,-0.48611560482082566,7.146843482736659,2901.0396352860953,0.6746021653444314,0.0,0.016263093724736305,0.0,0.033504552385310075
AS14.19,5,7.0,0.0923337064673876,7.008951230685799,2474.348354664061,-0.11520829206436674,4.502820310282925,2473.9761402917097,0.7113892936481705,0.0,0.006227411992064306,0.0013913438901256299,0.02514004271847419
AS14.19,6,6.8,0.10214065656929307,7.051675271854127,2407.69161333463,-0.5718198192100126,8.686459154952747,2407.3700620476116,0.6564211127361655,0.0030578437730401386,0.020871258210430194,0.0,0.024770233983831026
AS14.19,7,6.8,0.08748247767519897,6.869899821161894,2957.594293249575,-0.470282006462789,5.8154627326041775,2957.3827068673436,0.8063581821657395,0.0,0.0,0.0,0.025475008586111392
AS14.19,8,7.25,0.11250362131417713,6.65574625950952,2399.529979840302,-0.20600697664363013,5.48816169554432,2393.092983869947,0.7570009362914153,0.0,0.0,0.0,0.028989013745203816
AS14.19,9,7.8,0.08335368987520105,6.900294649633898,2538.987705268049,0.11156080779362497,5.834068335052501,2538.6929090546896,0.7143114022829679,0.0,0.0003123090377175678,0.015438446888339018,0.026926558004589585
AS14.20,0,7.010638,0.03748518,7.010637999999999,0.0,0.1044454482578843,1.7063921181902046,0.0,0.0,0.0,0.0,0.0,0.0
AS14.20,1,7.010638,0.03748518000000001,7.010638,0.0,0.10444544825788431,3.5630984239047265,0.0,0.0,0.0,0.0,0.0,0.0
AS14.20,2,7.0,0.03748517999999999,7.00773234971733,100.89773642305184,-0.19722142793347236,0.7268612255433748,100.89774123029426,0.01596861044458832,0.0,0.031732118783038915,0.0,0.16249148037389405
AS14.20,3,7.0,0.04287396493958952,6.90669006543187,766.0658310878803,0.27678487575202426,0.2976308161109173,766.0658491653311,0.3900869442445821,0.0060047081789968,0.24800048676236847,0.0,0.22331180177342322
AS14.20,4,7.0,0.054731810553163465,6.8266216242698725,520.7143623381382,0.39274253622640604,2.321115438766273,520.7119137962907,0.339831471024831,0.0,0.26170266264251785,0.007834359268288467,0.15130092877568385
AS14.20,5,7.5,0.03604632239599369,7.155053858842232,768.9750033008605,0.367745319766991,2.2972845859557696,768.9311179406914,0.48012795425751215,0.0,0.3817863651149952,0.0,0.031078410832436665
AS14.20,6,6.75,0.019822239739017058,6.918520747993278,659.6425337354913,0.012056132007876376,1.609746216096528,659.587600263183,0.3312163845075633,0.002685379901983283,0.23898742121229113,0.0,0.2038199461697328
AS14.20,7,7.0,0.04321421178214468,7.107682063436162,956.6843987016083,-0.04700954330449352,1.7354880243140942,819.3205762021075,0.5980326185049892,0.0,0.023082700260959745,0.0,0.05472071547916292
AS14.20,8,7.2,0.032945463169995644,6.9836445713473925,566.9539349461213,0.12012508382120558,0.12792666707742376,566.925929769846,0.38914565440422955,0.0,0.07486222379913053,0.0,0.017800948970049073
AS14.23,0,7.2173076,0.37869352,7.2173076,0.0,0.06940829143787,4.465788421705754,0.0,0.0,0.0,0.0,0.0,0.0
AS14.23,1,7.2173076,0.3786935200000001,7.217307600000001,0.0,0.06940829143787,3.664630419328746,0.0,0.0,0.0,0.0,0.0,0.0
AS14.23,2,7.0,0.37695241569316684,7.165708690160465,1262.7051124162201,0.052927541698703943,1.1944046794080148,1262.7051052928277,0.09815344275807347,0.0,0.03179248438208002,0.0,0.08976388037074536
AS14.23,3,7.0,0.37028282865957984,6.850075521640632,7640.221674231036,0.27099051269624236,0.31249996802120633,7575.854915162216,0.4996935708574514,4.445609079392377e-05,0.3367592069904912,0.005606572629775756,0.04183947738018254
AS14.23,4,7.0,0.4432741573587772,7.21374703100149,8776.037188819691,0.4655246852486944,1.5182132813645284,8672.259687963975,0.5874431922190517,0.0036720741545133028,0.24468341736471133,0.02855521630638333,0.021651270741417518
AS14.23,5,7.2,0.32532006393182406,7.03693922647917,7309.636154918148,-0.06640714894427507,1.3198395852427072,6754.76935250691,0.5691591772369402,0.0007004073837740113,0.26375315081925493,0.027087346795932235,0.03701707682611588
AS14.23,6,7.75,0.3708413333495825,7.4674108736242975,7050.578342678113,0.32697294955402345,0.8355691229875868,6275.692900108094,0.5144244470722799,0.16882508820316824,0.12360523685676618,0.012316976874945594,0.07174680197380948
AS14.23,7,7.0,0.38982979749153496,7.39520579605349,8704.215337969203,-0.17415480770499578,1.6946833365124336,7814.24196525181,0.6333981664700812,0.12415655891765569,0.057112150850294675,0.007733570154416943,0.04530370329639456
AS14.23,8,7.2173076,0.4279474309510376,7.5706390257740885,8443.90446051154,-0.17589564350899614,1.1069683005315296,8147.5408331279505,0.7160369703857198,0.057622560469687174,0.12685786258052006,0.01018330658962405,0.012419815202484714
AS14.24,0,7.6,0.05831508174168383,7.24965236835945,240.4849149161191,0.15390941378754053,6.136082765765474,238.08891577785946,0.08474837344695262,0.0,0.001873290692224408,0.0,0.007496712791154987
AS14.24,1,7.2,0.06338470449488269,7.317129231072055,4154.669161543306,0.17869388883450144,7.064517212489095,3824.2621923081547,0.7413564131503725,0.002834469939774739,8.57949188484261e-05,0.004278218253041634,0.0195174927697246
AS14.24,2,6.0,0.08146059961374956,6.972113859457085,2850.5797034216603,0.0018191371081784909,6.4937908798267285,2808.1965757415683,0.5874718328134626,0.008121247678715202,0.0043439941627676825,0.0473994188029008,0.029037009989924464
AS14.24,3,7.049091,0.06800440613239846,6.826994112126588,3148.260046228677,-0.5843297646555418,1.0681696078202698,3070.5925374992244,0.5338794172432735,0.01091249693165852,0.00422750282768158,0.0,0.049694695471945556
AS14.24,4,7.5,0.06885929427074437,7.1102110339625,4682.062308983966,-0.40956492022928154,2.5380267722366625,4442.173673514062,0.6070956250669636,0.014759103639131696,0.02551727664586272,0.0014557112320786473,0.02364072098092505
AS14.24,5,7.0,0.031042571673613906,7.090145596002561,4782.341063776027,-0.09118089067904606,5.069692847032431,4596.4261856998155,0.7281223415373343,0.0024824955873419623,0.004281829875558362,0.0004927998770354839,0.014992271727212089
AS14.24,6,6.7,0.025566995120349476,6.844392924351475,2197.4838700547652,0.28346590875623384,1.8306091329661371,2136.7056820435005,0.6011616771671509,0.0002250241796029491,0.00762083872411937,0.0,0.032972819295664486
AS14.24,7,7.8,0.06046246696134616,6.926793144066712,3957.89641444786,0.053190188148335524,4.575256037321811,3820.8243542770156,0.6246276766689568,0.00046953871020881865,0.010644532083663614,0.016821324897879006,0.011161193711364705
AS14.25,0,6.8922224,0.08148266,6.892222399999999,0.0,-0.04629166850000001,7.242603745492956,0.0,0.0,0.0,0.0,0.0,0.0
AS14.25,1,6.8922224,0.08148266000000001,6.8922224,0.0,-0.0462916685,5.04640907944258,0.0,0.0,0.0,0.0,0.0,0.0
AS14.25,2,6.8922224,0.08148266000000001,6.8922224,0.0,-0.0462916685,5.8819037115576025,0.0,0.0,0.0,0.0,0.0,0.0
AS14.25,3,6.8922224,0.08148266,6.892222399999999,0.0,-0.046291668499999994,6.004618211874763,0.0,0.0,0.0,0.0,0.0,0.0
AS14.25,4,6.8922224,0.08148266000000001,6.8922224000000005,0.0,-0.0462916685,8.166736948292657,0.0,0.0,0.0,0.0,0.0,0.0
AS14.25,5,6.8922224,0.08148266000000001,6.8922224,0.0,-0.0462916685,7.555358688082389,0.0,0.0,0.0,0.0,0.0,0.0
AS14.25,6,7.0,0.11034546682305471,7.259062325507271,4689.4252596894075,0.06314939157039057,7.718443021058858,4675.883597159369,0.4989193624694415,0.011392705924068856,0.03454227871730005,0.00842164864601793,0.021820810866605065
AS14.25,7,7.5,0.0814517251778263,6.566803786017443,7575.9207148604955,0.01721938571304632,8.034659713753651,7526.076297292436,0.7211196306874411,0.011041198872000163,0.011377794309421587,0.012425095854781012,0.02586327940432846
AS14.25,8,7.0,0.0712393453674574,6.712782294035168,6357.857408055934,0.007002843299320404,7.191326641391031,6269.096762177275,0.6619854501804715,0.0036525350203934215,0.05558902100545098,0.024677935426533307,0.020446492703908206
AS14.25,9,6.4,0.07368476616266857,6.86132754503991,8313.898802424212,-0.019096216334636134,13.282583879807492,8245.715050363266,0.7127058381268666,0.008688708086532864,0.04639244426060814,0.020086393647837306,0.02944962493156294
AS14.26,0,6.947794,0.08858661,6.947794000000001,0.0,0.0924675566963668,8.909625319905606,0.0,0.0,0.0,0.0,0.0,0.0
AS14.26,1,6.947794,0.08858661,6.947794,0.0,0.0924675566963668,3.3464559685782618,0.0,0.0,0.0,0.0,0.0,0.0
AS14.26,2,6.947794,0.08858661,6.947794000000001,0.0,0.0924675566963668,4.6564966927887115,0.0,0.0,0.0,0.0,0.0,0.0
AS14.26,3,6.947794,0.08858660999999998,6.947793999999999,0.0,0.0924675566963668,2.34101477970389,0.0,0.0,0.0,0.0,0.0,0.0
AS14.26,4,6.4,0.08858661,6.980152576200209,0.0,0.1175605915486043,2.4204202162010433,0.0,0.0,0.0,0.0,0.0,0.0
AS14.26,5,6.4,0.08858661,7.176709900066631,0.0,0.020838468310747402,1.987265815013794,0.0,0.0,0.0,0.0,0.0,0.0
AS14.26,6,6.4,0.08858661,6.877888417382014,0.0,0.16740768998012123,1.6514132204630323,0.0,0.0,0.0,0.0,0.0,0.0
AS14.26,7,6.8,0.0830223711604169,7.043619069490006,2568.9337969985536,0.22116214966086759,2.639158312270497,2568.933764897044,0.4065471531095315,0.003895661176119532,0.013133941012092289,0.001975594194672724,0.006636817527727468
AS14.26,8,6.2,0.0820429041924819,7.167504779046807,4516.835246066817,0.4331802549358972,0.989665824702199,4516.835274148236,0.7575830470497552,0.0015765744220168304,0.008116438754237548,0.00223507814675775,0.010817225283967792
AS14.26,9,6.2,0.10150348606045699,7.190809995893116,4478.83628701373,0.5195413926138531,2.665458393688925,4425.707222711303,0.6883684134921498,0.0008907761985575406,0.01874899945092979,0.021189585646433022,0.01907786555600547
AS14.26,10,6.8,0.07329354939113344,7.090330864542727,3496.848755116625,0.06786616157674104,2.102746605918672,3496.477328156843,0.7228834093657581,0.0,0.02352155388303579,0.0025032221980034602,0.02599857698594478
AS14.26,11,6.0,0.08014592190229952,6.82415030327711,5902.314406753431,0.15110125699628305,2.286097501754647,5902.314566759754,0.652428421230205,0.0012684450950482208,0.027173112629957974,0.006550350474357322,0.026358787059157823
AS14.26,12,7.0,0.10088422066127617,7.279719828686981,4680.7570950964355,0.009407805736684968,1.4785658156551111,4680.757209015083,0.7400363645971384,0.001534433825515357,0.026505706657930825,0.006088720210676176,0.025004462175756307
AS14.26,13,5.4,0.09326787576350783,6.887227927939664,5539.191994146375,-0.08965676702085969,1.277559560443628,5539.192197251172,0.6596573431980352,0.0016185066123819139,0.02503172740581127,0.0119182254757542,0.008591246769422068
AS14.27,0,7.420238,0.102678925,7.420238000000001,0.0,0.11744835715482499,7.754008482338635,0.0,0.0,0.0,0.0,0.0,0.0
AS14.27,1,7.420238,0.102678925,7.420238000000001,0.0,0.117448357154825,2.2432162748266253,0.0,0.0,0.0,0.0,0.0,0.0
AS14.27,2,7.420238,0.102678925,7.420238000000001,0.0,0.11744835715482499,5.5080562560353945,0.0,0.0,0.0,0.0,0.0,0.0
AS14.27,3,7.420238,0.10267892500000002,7.420238000000001,0.0,0.11744835715482502,3.530153582729915,0.0,0.0,0.0,0.0,0.0,0.0
AS14.27,4,7.420238,0.102678925,7.4202379999999994,0.0,0.11744835715482502,4.026739907299951,0.0,0.0,0.0,0.0,0.0,0.0
AS14.27,5,7.6,0.09801563433379058,7.2520109030169095,2739.737826262652,-0.03641806795101279,4.671963870695877,2739.5844525637913,0.5274144543336097,0.002862595623878511,0.04670339501861612,0.011359710213177932,0.025781895101572087
AS14.27,6,7.6,0.09768319784676016,7.3011384478422965,3021.5217078671317,0.11193524517166692,2.1938057713538157,3018.544983824992,0.6673453190497388,4.141147117487461e-05,0.040015081713436616,0.016645700004965056,0.026742838286386586
AS14.27,7,6.8,0.10707770443404806,7.815070188564222,3785.720371632034,-0.34408168803389966,1.981343848991995,3785.720411474239,0.6076129369406186,0.0,0.03766360510931916,0.09532914552015954,0.019976310336562584
AS14.27,8,7.8,0.1514495469588805,8.097300315964944,3841.623132500339,0.3577823799937759,7.666577818425018,3772.5240656881624,0.5848221219951607,5.2896158772210944e-05,0.04019790332910396,0.08130323469854152,0.031651189645710474
AS14.27,9,7.6666665,0.09037046730647781,7.1626013293342075,4527.824206482735,-0.0724616189246404,1.2357820784875584,4432.512152746835,0.7112826214058678,0.0,0.0503154722675446,0.02032524039255479,0.01709272157598016
AS14.27,10,7.8,0.09053694348189169,6.986916884859339,4610.761866539679,0.17830630276334644,4.053338911562314,4587.5586214707855,0.7164033384897774,0.0,0.014248035204196135,0.015175553380635916,0.009266396871809303
AS14.28,0,7.126535,0.07244327,7.126535,0.0,-0.17417503427308403,1.8703336460105695,0.0,0.0,0.0,0.0,0.0,0.0
AS14.28,1,7.126535,0.07244326999999999,7.126534999999998,0.0,-0.174175034273084,2.322073471986004,0.0,0.0,0.0,0.0,0.0,0.0
AS14.28,2,7.5,0.060003692415162846,6.965145657686291,481.806439016542,-0.12930923391268762,1.473220385301534,476.17371179719447,0.10930013023065284,0.003379412247815529,0.025221713519167847,0.0,0.006510928471020147
AS14.28,3,7.8,0.06750353433612248,7.409895767034765,7902.020045498872,-0.13461710353411632,0.724603286186657,7400.211911493253,0.5818204614591542,0.026229792087147603,0.10530208594561895,0.02190655303948787,0.03514563954474501
AS14.28,4,6.8,0.11368539731111005,7.196632093093426,8697.605072550503,-0.5413024505593603,3.5330301192346694,8476.167540171758,0.5837462492777802,0.0184224934425091,0.05641230221463721,0.035577251829635254,0.026072573163728668
AS14.28,5,7.25,0.04714873164399347,7.143683362882762,6414.0800238708825,-0.16356192278363454,0.4554446024789318,5780.267106779523,0.529132800452375,0.11596291756490808,0.07715448594236043,0.023484834564894762,0.12207911179633082
AS14.28,6,7.0,0.08470494991015069,7.467232519287037,5002.037897801267,-0.12119825146174329,0.12792666707742376,4721.625231028727,0.5508206287362536,0.0371546634378095,0.050504317979298684,0.04427397460368617,0.04594468490315788
AS14.28,7,7.126535,0.04900496332205613,6.8124845133004674,5755.451489142959,-0.029393351464332144,0.6429966926675243,5741.847011869302,0.5658662368787315,0.05547397861935637,0.08658941740866109,0.012049895900502306,0.08829188101591824
AS14.29,0,7.5579367,0.12199071,7.5579367,0.0,-0.06651675446737201,4.50096525399065,0.0,0.0,0.0,0.0,0.0,0.0
AS14.29,1,7.5579367,0.12199071,7.557936699999998,0.0,-0.066516754467372,3.322730725880686,0.0,0.0,0.0,0.0,0.0,0.0
AS14.29,2,7.5579367,0.12199071,7.557936699999999,0.0,-0.066516754467372,3.898176595814477,0.0,0.0,0.0,0.0,0.0,0.0
AS14.29,3,7.5579367,0.12199070999999999,7.5579367,0.0,-0.06651675446737199,3.8158333970932707,0.0,0.0,0.0,0.0,0.0,0.0
AS14.29,4,7.2,0.11563442852658301,7.882391221447484,4351.199330318453,-0.03430394198761961,2.742258763334051,4276.354468098048,0.6897265338532479,0.10085013345804276,0.008799834653697035,0.02862376190471068,0.025559364069170858
AS14.29,5,8.0,0.08806253838390293,7.963360097306432,5438.126399047318,0.17163466418822032,1.3275507657851406,5414.801009749382,0.8030023609690602,0.11884988118938107,0.017880767222390404,0.018041396739081297,0.014259264572884926
AS14.29,6,7.2,0.08018429628529304,7.644903636761859,6679.9364452692635,-0.07675060819890464,3.0224540860316673,6628.148042162071,0.8184180327425695,0.09514509779019131,0.02646339441694795,0.00965021213569317,0.015223499362120778
AS14.29,7,7.0,0.1396031659168387,6.923112085378175,7148.94845834185,0.08214709635823372,4.284375358493815,7015.361529877025,0.7171336470456826,0.1440812588949979,0.027939092032642436,0.03471761483287648,0.01084934431267429
AS14.29,8,7.3333335,0.23330329125513583,7.7817163835957235,4661.199692209257,-0.0019314973767009863,3.829861390995136,4574.8602556360065,0.5213525400109199,0.20672253989745693,0.031059909002122774,0.009730685796311339,0.0057080726213489495
AS14.29,9,7.6,0.06748087333369722,7.378552810671233,7921.996815182085,-0.09283457780916589,1.0231212131761793,7648.9032009882085,0.8002430901258377,0.11941728518543737,0.029222727188383466,0.001537790781503045,0.028215150321989135
AS14.30,0,7.7992907,0.13089406,7.7992907,0.0,-0.91223407,5.365738457930845,0.0,0.0,0.0,0.0,0.0,0.0
AS14.30,1,7.7992907,0.13089406,7.799290699999999,0.0,-0.91223407,1.5403788114129948,0.0,0.0,0.0,0.0,0.0,0.0
AS14.30,2,7.7992907,0.13089406000000003,7.799290700000001,0.0,-0.91223407,3.1541602596655918,0.0,0.0,0.0,0.0,0.0,0.0
AS14.30,3,7.8,0.14244768299733895,7.636640160695745,4370.742848013497,-0.5418859017291698,2.2396904911007853,4370.742654075595,0.3659982422778631,0.011786760850461977,0.22466372203496457,0.0008430639811700542,0.05536181523262977
AS14.30,4,7.6,0.15947127419439983,7.861820081234648,10753.406920233601,-0.8735071553617059,4.681612485705373,10753.406920906355,0.6422830495516761,0.014397724841627234,0.2210943102716339,0.005672092123271238,0.03562713623848176
AS14.30,5,7.6,0.11951929482595458,7.88332574608873,7780.724939001283,-0.820083858551754,2.07940045833097,7737.1982321441465,0.4218369811908474,0.00793158422750773,0.3939729077258491,0.003820087018898104,0.059792738746147
AS14.30,6,7.75,0.08709215574142319,7.705857281188102,10969.147949354401,-1.1485906274565159,2.345193795037256,10863.02468074313,0.4204827007766933,0.006004206196174674,0.424808858187619,0.0014407973232397867,0.034193851733536916
AS14.30,7,7.8,0.11716277794162815,7.7483742228762456,9584.280042647943,-1.0605264449860083,0.9853124939433564,9584.279943199164,0.4395204541396595,0.007986450709183987,0.4077954136968207,0.0005216586538870809,0.0533685800898322
AS14.30,8,8.0,0.11969624084698237,7.808004279116172,7330.551921004508,-1.100385828513368,1.2322370753535072,7330.551833183287,0.5394762001729058,0.007478031901028273,0.2524389655653378,0.002980089799170323,0.04436465580327044
AS14.30,9,8.0,0.13611515161699103,7.922621914675388,7679.064932013103,-1.1508111655467983,2.3628599725668247,7679.064763708294,0.44343556093179,0.006203842167839191,0.35844970325154574,0.007502286671465391,0.04805322610947573
AS14.31,0,6.971318,0.1729513,6.971318,0.0,0.47773270069887597,3.2990109497728692,0.0,0.0,0.0,0.0,0.0,0.0
AS14.31,1,6.971318,0.1729513,6.971317999999999,0.0,0.4777327006988759,4.5161525149394715,0.0,0.0,0.0,0.0,0.0,0.0
AS14.31,2,6.971318,0.1729513,6.971318,0.0,0.477732700698876,6.817431580949032,0.0,0.0,0.0,0.0,0.0,0.0
AS14.31,3,6.971318,0.1729513,6.971318,0.0,0.477732700698876,1.5659103433702508,0.0,0.0,0.0,0.0,0.0,0.0
AS14.31,4,7.3333335,0.17076068238657768,6.971318000000001,564.7017981589208,0.477732700698876,4.1870845050591345,431.26215785806,0.13690582875421697,0.0028607737486343017,0.0,0.0,0.01639996466251079
AS14.31,5,7.0,0.1647857078693071,6.8376423204686745,2424.8170083880777,0.2579402423210314,2.5766053634419444,2118.847612283054,0.33314183362802763,0.06773515644244224,0.0733172408239252,0.0031482305012873976,0.08628803698077643
AS14.31,6,6.75,0.2164966867321826,6.909063832663555,4527.6142818249045,0.20749659153589736,4.746154610280114,3984.5449915571285,0.5001401583041403,0.05520595912689157,0.05131023227844357,0.0,0.06341540613286162
AS14.31,7,7.0,0.2143529342912368,6.982217323928601,5642.288729039493,0.596195692441669,2.734644084221482,4957.848319415381,0.49184869951887733,0.05019950443103753,0.0595412439826387,0.004440618540674829,0.06717188069003031
AS14.31,8,7.0,0.18571665863866224,6.897867834174683,5972.034474873019,0.617115340913181,6.488162234396343,5614.67438696008,0.4329844781371107,0.0761034921120456,0.04519748413867242,0.009062393757330065,0.1295578937930872
AS14.31,9,7.0,0.10592028566359667,7.037921014651896,1526.1247728437525,0.8110593559152635,0.6520771798461886,1435.1388592735009,0.20026641889061922,0.028312481402190996,0.010012440068838963,0.0022821341731164378,0.09169125170864437
AS14.31,10,7.0,0.17295130000000003,7.047126967596911,0.0,0.8636077914987191,0.0,0.0,0.0,0.0,0.0,0.0,0.0
AS14.32,0,7.553153,0.08957701,7.553153,0.0,-0.1125590421616752,7.3747939837699965,0.0,0.0,0.0,0.0,0.0,0.0
AS14.32,1,7.553153,0.08957701000000001,7.553153,0.0,-0.11255904216167519,6.320630733543473,0.0,0.0,0.0,0.0,0.0,0.0
AS14.32,2,7.553153,0.08957701,7.553153,0.0,-0.1125590421616752,8.646900154603323,0.0,0.0,0.0,0.0,0.0,0.0
AS14.32,3,7.553153,0.08957701,7.553153,0.0,-0.1125590421616752,5.543756752002456,0.0,0.0,0.0,0.0,0.0,0.0
AS14.32,4,7.553153,0.08957701,7.553153,0.0,-0.1125590421616752,5.250583265298094,0.0,0.0,0.0,0.0,0.0,0.0
AS14.32,5,7.553153,0.08957701,7.553153,0.0,-0.1125590421616752,4.340173337133901,0.0,0.0,0.0,0.0,0.0,0.0
AS14.32,6,7.0,0.08239834314597796,7.8505906656327715,4215.382757719993,0.11946257322170795,4.842335029101999,3741.6640911269233,0.5617732865982377,0.0060158038915281,0.27405805243974823,0.017833697706337658,0.03029749041711268
AS14.32,7,7.5,0.09611902217371501,7.9761687867369915,3463.3759205704046,-0.13853558536136734,6.654082981385262,3371.6351186244033,0.5935203188751026,0.000576715921153543,0.19218764363316213,0.010698564993564641,0.02170397114558154
AS14.32,8,7.0,0.08254984906013117,7.7966074073882625,2829.5120790330475,-0.0993153975582189,3.793669569219826,2714.84496582577,0.5593149439694836,0.0,0.19501431251029697,0.019873684455434772,0.010687188136606279
AS14.32,9,7.5,0.09390819213282062,7.505261962391952,3803.166370110736,-0.03588053912622065,4.407995422078371,3599.215251676291,0.6060470667988098,0.008350278209077789,0.16617966058482705,0.016464265421310707,0.025029803891221714
AS14.32,10,7.0,0.10170502370221939,7.61804524783586,3267.4724849714544,0.06016750870553172,5.848659220235121,2918.608677601023,0.6766297189994744,0.0,0.1699879706786856,0.010224802024794814,0.014684011079484144
AS14.32,11,7.2,0.09302132007954765,6.992538531050012,4034.1234256032144,-0.10299252733810059,8.025317007961982,3759.3994567943164,0.5450189285477235,0.0006836797101014255,0.2168681654313727,0.04117446408000093,0.02400802467031168
AS14.33,0,6.607364,0.08277403,6.607364,0.0,-0.18725586410900805,5.699528751940042,0.0,0.0,0.0,0.0,0.0,0.0
AS14.33,1,6.607364,0.08277403,6.607364,0.0,-0.18725586410900802,5.192196133898109,0.0,0.0,0.0,0.0,0.0,0.0
AS14.33,2,6.607364,0.08277403,6.607364,0.0,-0.187255864109008,4.617811919890476,0.0,0.0,0.0,0.0,0.0,0.0
AS14.33,3,6.607364,0.08277403,6.6073640000000005,0.0,-0.18725586410900802,3.907320035341251,0.0,0.0,0.0,0.0,0.0,0.0
AS14.33,4,6.607364,0.08277403,6.607364,0.0,-0.18725586410900802,1.7205304070438123,0.0,0.0,0.0,0.0,0.0,0.0
AS14.33,5,6.607364,0.08277403,6.607364,0.0,-0.18725586410900802,8.870874889388904,0.0,0.0,0.0,0.0,0.0,0.0
AS14.33,6,6.607364,0.08277403,6.607364,0.0,-0.18725586410900802,4.113497043587821,0.0,0.0,0.0,0.0,0.0,0.0
AS14.33,7,7.0,0.08277403,6.607364,0.0,-0.18725586410900802,2.9569008294220698,0.0,0.0,0.0,0.0,0.0,0.0
AS14.33,8,5.2,0.07995282116166823,7.124813970138686,9497.66364158362,-0.17263228283719834,2.610284550279567,8691.02654989268,0.7181244213809095,0.008946601031423942,0.08009218326976392,0.0011102642822434737,0.017155523889738917
AS14.33,9,7.5,0.12178945536286541,6.9370934306856435,11066.850336135314,-0.16323815250599433,11.233406349976628,10563.62648845826,0.5741244384738662,0.006482491408202242,0.06736265775409936,0.003894780812850186,0.01365303683218828
AS14.33,10,5.0,0.1722829422142766,7.078281341678555,7228.287429863029,-0.3278738658553383,7.59874308208154,6883.479163390892,0.4713187028707455,0.010525749214083405,0.050724180177789374,0.01045980760277058,0.023639670549452863
AS14.33,11,6.8333335,0.04808755384291061,6.016873975092878,7974.675955741789,-0.18065832089041686,2.3612578323289664,7010.50197715704,0.6967016216043359,0.004565112049461028,0.08877655729815702,0.0038685831084302067,0.01451008318179548
AS14.33,12,6.0,0.03428592842083145,6.232278518662001,7738.350111289502,-0.009883804484678632,3.175279108832078,7042.294497400278,0.7188851850467515,0.0011284742837272801,0.0890377580315851,0.0020548794964485523,0.011769748637625334
AS14.33,13,8.2,0.04782622949170298,5.977802199511459,6839.543588626691,-0.12538343879303512,4.68209083143048,6244.187238694774,0.737276573046523,0.007797292040801414,0.06475388882500971,0.0,0.02027159270803878
